{
  "_meta": {
    "models": {
      "receipts": "Ein Receipt ist ein hochgeladener Kassenbon mit AI-extrahierten Daten (Store, Kaufdatum, Betrag, Produkte). Jeder Receipt ist ein Eintrag in einen Contest.",
      "participants": "Ein Participant ist ein Kunde, der einen Contest durch Receipt-Upload betreten hat. Kann mehrere Contests betreten und mehrere Receipts einreichen.",
      "winners": "Ein Winner ist ein als Gewinner ausgewählter Teilnehmer für einen Contest. Tracks Contest, Auswahldatum, Preis-Details und Benachrichtigungsstatus.",
      "dashboardMetrics": "Aggregierte Statistiken für das Analytics Dashboard (Gesamt-Teilnehmer, Gesamt-Receipts, Trends, etc.)"
    },
    "relationships": [
      "Jeder Receipt gehört zu einem Participant und einem Contest",
      "Jeder Winner gehört zu einem Participant und einem Contest",
      "Participants können mehrere Receipts einreichen (one-to-many)",
      "Contests können mehrere Winners haben (one-to-many)"
    ]
  },
  "dashboardMetrics": {
    "totalParticipants": 5268,
    "totalReceipts": 7582,
    "activeContests": 2,
    "totalWinners": 84,
    "receiptsToday": 127,
    "receiptsThisWeek": 892,
    "participantsThisWeek": 341,
    "averageReceiptsPerParticipant": 1.44,
    "topStores": [
      { "name": "Billa", "count": 2341 },
      { "name": "Spar", "count": 1876 },
      { "name": "Hofer", "count": 1234 },
      { "name": "Interspar", "count": 987 },
      { "name": "Merkur", "count": 654 }
    ],
    "receiptTrend": [
      { "date": "2026-02-04", "count": 98 },
      { "date": "2026-02-05", "count": 112 },
      { "date": "2026-02-06", "count": 134 },
      { "date": "2026-02-07", "count": 156 },
      { "date": "2026-02-08", "count": 143 },
      { "date": "2026-02-09", "count": 122 },
      { "date": "2026-02-10", "count": 135 },
      { "date": "2026-02-11", "count": 127 }
    ]
  },
  "receipts": [
    {
      "id": "receipt-001",
      "participantId": "participant-001",
      "contestId": "contest-001",
      "storeName": "Billa",
      "storeLocation": "Klagenfurt, Völkermarkter Straße 201",
      "purchaseDate": "2026-06-15",
      "totalAmount": 47.89,
      "products": "2x Hirter Märzen 0,5l Kiste, 1x Hirter Zwickl 0,5l Sixpack, Lebensmittel",
      "imageUrl": "/receipts/receipt-001.jpg",
      "status": "verified",
      "submittedAt": "2026-06-15T18:23:11Z",
      "verifiedAt": "2026-06-15T18:24:33Z",
      "ocrConfidence": 96
    },
    {
      "id": "receipt-002",
      "participantId": "participant-001",
      "contestId": "contest-001",
      "storeName": "Spar",
      "storeLocation": "Hirt 9, 9322 Micheldorf",
      "purchaseDate": "2026-07-02",
      "totalAmount": 62.40,
      "products": "3x Hirter Privat Pils Kiste, Grillkohle",
      "imageUrl": "/receipts/receipt-002.jpg",
      "status": "verified",
      "submittedAt": "2026-07-02T20:45:22Z",
      "verifiedAt": "2026-07-02T20:46:11Z",
      "ocrConfidence": 98
    },
    {
      "id": "receipt-003",
      "participantId": "participant-002",
      "contestId": "contest-001",
      "storeName": "Hofer",
      "storeLocation": "Villach, Lind ob Velden 68",
      "purchaseDate": "2026-06-20",
      "totalAmount": 31.98,
      "products": "1x Hirter Märzen Kiste, 1x Hirter Morchl Sixpack",
      "imageUrl": "/receipts/receipt-003.jpg",
      "status": "verified",
      "submittedAt": "2026-06-21T09:12:45Z",
      "verifiedAt": "2026-06-21T09:13:22Z",
      "ocrConfidence": 94
    },
    {
      "id": "receipt-004",
      "participantId": "participant-003",
      "contestId": "contest-001",
      "storeName": "Interspar",
      "storeLocation": "Klagenfurt, St. Veiter Ring",
      "purchaseDate": "2026-08-10",
      "totalAmount": 89.76,
      "products": "4x Hirter Märzen Kiste, 2x Hirter Radler Sixpack, Getränke",
      "imageUrl": "/receipts/receipt-004.jpg",
      "status": "verified",
      "submittedAt": "2026-08-10T15:34:12Z",
      "verifiedAt": "2026-08-10T15:35:44Z",
      "ocrConfidence": 97
    },
    {
      "id": "receipt-005",
      "participantId": "participant-003",
      "contestId": "contest-001",
      "storeName": "Billa",
      "storeLocation": "Spittal an der Drau, Hauptplatz 12",
      "purchaseDate": "2026-08-25",
      "totalAmount": 52.30,
      "products": "2x Hirter Märzen Kiste, 1x Hirter Bio Zwickl Sixpack",
      "imageUrl": "/receipts/receipt-005.jpg",
      "status": "pending",
      "submittedAt": "2026-08-25T19:22:11Z",
      "verifiedAt": null,
      "ocrConfidence": 89
    },
    {
      "id": "receipt-006",
      "participantId": "participant-004",
      "contestId": "contest-004",
      "storeName": "Merkur",
      "storeLocation": "Graz, Herrengasse 7",
      "purchaseDate": "2026-09-28",
      "totalAmount": 123.45,
      "products": "5x Hirter Festbier Kiste, Lebensmittel",
      "imageUrl": "/receipts/receipt-006.jpg",
      "status": "verified",
      "submittedAt": "2026-09-28T14:11:33Z",
      "verifiedAt": "2026-09-28T14:12:05Z",
      "ocrConfidence": 99
    },
    {
      "id": "receipt-007",
      "participantId": "participant-005",
      "contestId": "contest-004",
      "storeName": "Spar",
      "storeLocation": "Salzburg, Alpenstraße 107",
      "purchaseDate": "2026-10-02",
      "totalAmount": 78.90,
      "products": "3x Hirter Festbier Kiste, 2x Hirter Morchl Sixpack",
      "imageUrl": "/receipts/receipt-007.jpg",
      "status": "verified",
      "submittedAt": "2026-10-02T11:45:22Z",
      "verifiedAt": "2026-10-02T11:46:11Z",
      "ocrConfidence": 95
    },
    {
      "id": "receipt-008",
      "participantId": "participant-006",
      "contestId": "contest-001",
      "storeName": "Hofer",
      "storeLocation": "Wolfsberg, Grazer Straße 15",
      "purchaseDate": "2026-07-15",
      "totalAmount": 41.20,
      "products": "2x Hirter Märzen Kiste, Snacks",
      "imageUrl": "/receipts/receipt-008.jpg",
      "status": "verified",
      "submittedAt": "2026-07-15T16:23:44Z",
      "verifiedAt": "2026-07-15T16:24:12Z",
      "ocrConfidence": 93
    },
    {
      "id": "receipt-009",
      "participantId": "participant-007",
      "contestId": "contest-004",
      "storeName": "Billa",
      "storeLocation": "Innsbruck, Maria-Theresien-Straße 45",
      "purchaseDate": "2026-09-20",
      "totalAmount": 94.50,
      "products": "4x Hirter Festbier Kiste, Getränke",
      "imageUrl": "/receipts/receipt-009.jpg",
      "status": "rejected",
      "submittedAt": "2026-09-20T20:11:23Z",
      "verifiedAt": "2026-09-20T20:15:44Z",
      "ocrConfidence": 67,
      "rejectionReason": "Kaufdatum außerhalb des Contest-Zeitraums"
    },
    {
      "id": "receipt-010",
      "participantId": "participant-008",
      "contestId": "contest-001",
      "storeName": "Interspar",
      "storeLocation": "Villach, Kärntner Straße 34",
      "purchaseDate": "2026-06-30",
      "totalAmount": 67.80,
      "products": "3x Hirter Märzen Kiste, 1x Hirter Radler Sixpack",
      "imageUrl": "/receipts/receipt-010.jpg",
      "status": "verified",
      "submittedAt": "2026-06-30T13:45:11Z",
      "verifiedAt": "2026-06-30T13:46:22Z",
      "ocrConfidence": 98
    },
    {
      "id": "receipt-011",
      "participantId": "participant-008",
      "contestId": "contest-001",
      "storeName": "Billa",
      "storeLocation": "Villach, Kärntner Straße 34",
      "purchaseDate": "2026-07-18",
      "totalAmount": 55.40,
      "products": "2x Hirter Märzen Kiste, 2x Hirter Zwickl Sixpack",
      "imageUrl": "/receipts/receipt-011.jpg",
      "status": "verified",
      "submittedAt": "2026-07-18T18:22:34Z",
      "verifiedAt": "2026-07-18T18:23:11Z",
      "ocrConfidence": 96
    },
    {
      "id": "receipt-012",
      "participantId": "participant-009",
      "contestId": "contest-004",
      "storeName": "Spar",
      "storeLocation": "Linz, Landstraße 49",
      "purchaseDate": "2026-10-05",
      "totalAmount": 102.30,
      "products": "4x Hirter Festbier Kiste, Lebensmittel",
      "imageUrl": "/receipts/receipt-012.jpg",
      "status": "verified",
      "submittedAt": "2026-10-05T10:12:45Z",
      "verifiedAt": "2026-10-05T10:13:22Z",
      "ocrConfidence": 97
    },
    {
      "id": "receipt-013",
      "participantId": "participant-010",
      "contestId": "contest-001",
      "storeName": "Merkur",
      "storeLocation": "Wien, Mariahilfer Straße 111",
      "purchaseDate": "2026-08-05",
      "totalAmount": 73.20,
      "products": "3x Hirter Märzen Kiste, 1x Hirter Morchl Sixpack, Snacks",
      "imageUrl": "/receipts/receipt-013.jpg",
      "status": "verified",
      "submittedAt": "2026-08-05T19:34:22Z",
      "verifiedAt": "2026-08-05T19:35:11Z",
      "ocrConfidence": 94
    },
    {
      "id": "receipt-014",
      "participantId": "participant-002",
      "contestId": "contest-001",
      "storeName": "Hofer",
      "storeLocation": "Villach, Lind ob Velden 68",
      "purchaseDate": "2026-07-25",
      "totalAmount": 44.90,
      "products": "2x Hirter Märzen Kiste, Getränke",
      "imageUrl": "/receipts/receipt-014.jpg",
      "status": "pending",
      "submittedAt": "2026-07-25T21:11:33Z",
      "verifiedAt": null,
      "ocrConfidence": 88
    },
    {
      "id": "receipt-015",
      "participantId": "participant-005",
      "contestId": "contest-004",
      "storeName": "Billa",
      "storeLocation": "Salzburg, Alpenstraße 107",
      "purchaseDate": "2026-10-08",
      "totalAmount": 156.70,
      "products": "6x Hirter Festbier Kiste, 3x Hirter Morchl Sixpack",
      "imageUrl": "/receipts/receipt-015.jpg",
      "status": "verified",
      "submittedAt": "2026-10-08T16:45:11Z",
      "verifiedAt": "2026-10-08T16:46:22Z",
      "ocrConfidence": 99
    }
  ],
  "participants": [
    {
      "id": "participant-001",
      "email": "thomas.mueller@example.at",
      "name": "Thomas Müller",
      "phone": "+43 664 1234567",
      "address": "Hauptstraße 12, 9020 Klagenfurt",
      "registeredAt": "2026-06-15T18:20:11Z",
      "totalReceipts": 2,
      "totalContests": 1,
      "lastActivityAt": "2026-07-02T20:45:22Z"
    },
    {
      "id": "participant-002",
      "email": "anna.schmidt@example.at",
      "name": "Anna Schmidt",
      "phone": "+43 699 9876543",
      "address": null,
      "registeredAt": "2026-06-21T09:10:11Z",
      "totalReceipts": 3,
      "totalContests": 1,
      "lastActivityAt": "2026-07-25T21:11:33Z"
    },
    {
      "id": "participant-003",
      "email": "michael.weber@example.at",
      "name": "Michael Weber",
      "phone": "+43 660 5551234",
      "address": "Villacher Straße 89, 9500 Villach",
      "registeredAt": "2026-08-10T15:30:11Z",
      "totalReceipts": 2,
      "totalContests": 1,
      "lastActivityAt": "2026-08-25T19:22:11Z"
    },
    {
      "id": "participant-004",
      "email": "petra.huber@example.at",
      "name": "Petra Huber",
      "phone": null,
      "address": null,
      "registeredAt": "2026-09-28T14:10:11Z",
      "totalReceipts": 1,
      "totalContests": 1,
      "lastActivityAt": "2026-09-28T14:11:33Z"
    },
    {
      "id": "participant-005",
      "email": "franz.bauer@example.at",
      "name": "Franz Bauer",
      "phone": "+43 662 4445566",
      "address": "Salzburger Straße 45, 5020 Salzburg",
      "registeredAt": "2026-10-02T11:42:11Z",
      "totalReceipts": 2,
      "totalContests": 1,
      "lastActivityAt": "2026-10-08T16:45:11Z"
    },
    {
      "id": "participant-006",
      "email": "sabine.wagner@example.at",
      "name": "Sabine Wagner",
      "phone": "+43 650 7778899",
      "address": "Bahnhofstraße 23, 9400 Wolfsberg",
      "registeredAt": "2026-07-15T16:20:11Z",
      "totalReceipts": 1,
      "totalContests": 1,
      "lastActivityAt": "2026-07-15T16:23:44Z"
    },
    {
      "id": "participant-007",
      "email": "josef.steiner@example.at",
      "name": "Josef Steiner",
      "phone": null,
      "address": null,
      "registeredAt": "2026-09-20T20:08:11Z",
      "totalReceipts": 1,
      "totalContests": 1,
      "lastActivityAt": "2026-09-20T20:11:23Z"
    },
    {
      "id": "participant-008",
      "email": "christine.maier@example.at",
      "name": "Christine Maier",
      "phone": "+43 676 3332211",
      "address": "Kärntner Straße 67, 9500 Villach",
      "registeredAt": "2026-06-30T13:42:11Z",
      "totalReceipts": 2,
      "totalContests": 1,
      "lastActivityAt": "2026-07-18T18:22:34Z"
    },
    {
      "id": "participant-009",
      "email": "robert.gruber@example.at",
      "name": "Robert Gruber",
      "phone": "+43 732 9998877",
      "address": "Linzer Straße 156, 4020 Linz",
      "registeredAt": "2026-10-05T10:10:11Z",
      "totalReceipts": 1,
      "totalContests": 1,
      "lastActivityAt": "2026-10-05T10:12:45Z"
    },
    {
      "id": "participant-010",
      "email": "maria.lang@example.at",
      "name": "Maria Lang",
      "phone": "+43 1 5554433",
      "address": "Wiener Straße 234, 1020 Wien",
      "registeredAt": "2026-08-05T19:30:11Z",
      "totalReceipts": 1,
      "totalContests": 1,
      "lastActivityAt": "2026-08-05T19:34:22Z"
    }
  ],
  "winners": [
    {
      "id": "winner-001",
      "participantId": "participant-001",
      "contestId": "contest-001",
      "prizeId": "prize-001",
      "prizeName": "Weber Premium Gasgrill",
      "prizeValue": 899.00,
      "selectionDate": "2026-09-01T10:00:00Z",
      "selectionMethod": "random",
      "notificationStatus": "confirmed",
      "notifiedAt": "2026-09-01T10:15:22Z",
      "confirmedAt": "2026-09-02T14:23:11Z"
    },
    {
      "id": "winner-002",
      "participantId": "participant-003",
      "contestId": "contest-001",
      "prizeId": "prize-002",
      "prizeName": "Grillzubehör-Set Premium",
      "prizeValue": 149.00,
      "selectionDate": "2026-09-01T10:00:00Z",
      "selectionMethod": "random",
      "notificationStatus": "sent",
      "notifiedAt": "2026-09-01T10:15:44Z",
      "confirmedAt": null
    },
    {
      "id": "winner-003",
      "participantId": "participant-008",
      "contestId": "contest-001",
      "prizeId": "prize-002",
      "prizeName": "Grillzubehör-Set Premium",
      "prizeValue": 149.00,
      "selectionDate": "2026-09-01T10:00:00Z",
      "selectionMethod": "random",
      "notificationStatus": "confirmed",
      "notifiedAt": "2026-09-01T10:16:11Z",
      "confirmedAt": "2026-09-03T09:45:33Z"
    },
    {
      "id": "winner-004",
      "participantId": "participant-002",
      "contestId": "contest-001",
      "prizeId": "prize-003",
      "prizeName": "Hirter Jahresvorrat",
      "prizeValue": 360.00,
      "selectionDate": "2026-09-01T10:00:00Z",
      "selectionMethod": "random",
      "notificationStatus": "pending",
      "notifiedAt": null,
      "confirmedAt": null
    },
    {
      "id": "winner-005",
      "participantId": "participant-006",
      "contestId": "contest-001",
      "prizeId": "prize-003",
      "prizeName": "Hirter Jahresvorrat",
      "prizeValue": 360.00,
      "selectionDate": "2026-09-01T10:00:00Z",
      "selectionMethod": "random",
      "notificationStatus": "confirmed",
      "notifiedAt": "2026-09-01T10:17:22Z",
      "confirmedAt": "2026-09-01T18:34:11Z"
    }
  ]
}
